CVE-2023-23559;2023-01-13T00:00:00;7.8;In rndis_query_oid in drivers/net/wireless/rndis_wlan.c in the Linux kernelthrough 6.1.5, there is an integer overflow in an addition.
CVE-2023-0394;2023-01-26T21:18:00;5.5;A NULL pointer dereference flaw was found in rawv6_push_pending_frames innet/ipv6/raw.c in the network subcomponent in the Linux kernel. This flawcauses the system to crash.
CVE-2022-3424;2022-10-10T00:00:00;7.8;A use-after-free flaw was found in the Linux kernel’s SGI GRU driver in theway the first gru_file_unlocked_ioctl function is called by the user, wherea fail pass occurs in the gru_check_chiplet_assignment function. This flawallows a local user to crash or potentially escalate their privileges onthe system.
CVE-2022-36280;2022-09-09T15:15:00;5.5;An out-of-bounds(OOB) memory access vulnerability was found in vmwgfxdriver in drivers/gpu/vmxgfx/vmxgfx_kms.c in GPU component in the Linuxkernel with device file '/dev/dri/renderD128 (or Dxxx)'. This flaw allows alocal attacker with a user account on the system to gain privilege, causinga denial of service(DoS).
CVE-2023-23455;2023-01-12T07:15:00;5.5;atm_tc_enqueue in net/sched/sch_atm.c in the Linux kernel through 6.1.4allows attackers to cause a denial of service because of type confusion(non-negative numbers can sometimes indicate a TC_ACT_SHOT condition ratherthan valid classification results).
CVE-2023-28328;2023-03-15T00:00:00;None;Kernel: A denial of service issue in  az6027 driver indrivers/media/usb/dev-usb/az6027.c
CVE-2022-47929;2023-01-17T21:15:00;5.5;In the Linux kernel before 6.1.6, a NULL pointer dereference bug in thetraffic control subsystem allows an unprivileged user to trigger a denialof service (system crash) via a crafted traffic control configuration thatis set up with "tc qdisc" and "tc class" commands. This affects qdisc_graftin net/sched/sch_api.c.
CVE-2023-0266;2023-01-30T14:15:00;7.8;A use after free vulnerability exists in the ALSA PCM package in the LinuxKernel. SNDRV_CTL_IOCTL_ELEM_{READ|WRITE}32 is missing locks that can beused in a use-after-free that can result in a priviledge escalation to gainring0 access from the system user. We recommend upgrading past commit56b88b50565cd8b946a2d00b0c83927b7ebb055e
CVE-2021-3669;2022-08-26T16:15:00;5.5;A flaw was found in the Linux kernel. Measuring usage of the shared memorydoes not scale with large shared memory segment counts which could lead toresource exhaustion and DoS.
CVE-2023-0045;2023-02-03T00:00:00;None;
CVE-2022-41218;2022-09-21T07:15:00;5.5;In drivers/media/dvb-core/dmxdev.c in the Linux kernel through 5.19.10,there is a use-after-free caused by refcount races, affectingdvb_demux_open and dvb_dmxdev_release.
CVE-2022-42328;2022-12-07T00:00:00;5.5;Guests can trigger deadlock in Linux netback driver T[his CNA informationrecord relates to multiple CVEs. the text explains whichaspects/vulnerabilities correspond to which CVE.] The patch for XSA-392introduced another issue which might result in a deadlock when trying tofree the SKB of a packet dropped due to the XSA-392 handling(CVE-2022-42328). Additionally when dropping packages for other reasons thesame deadlock could occur in case of netpoll being active for the interfacethe xen-netback driver is connected to (CVE-2022-42329).
CVE-2022-3646;2022-10-21T18:15:00;4.3;A vulnerability, which was classified as problematic, has been found inLinux Kernel. This issue affects the function nilfs_attach_log_writer ofthe file fs/nilfs2/segment.c of the component BPF. The manipulation leadsto memory leak. The attack may be initiated remotely. It is recommended toapply a patch to fix this issue. The identifier VDB-211961 was assigned tothis vulnerability.
CVE-2022-29900;2022-07-12T00:00:00;6.5;Mis-trained branch predictions for return instructions may allow arbitraryspeculative code execution under certain microarchitecture-dependentconditions.
CVE-2023-0461;2023-02-22T00:00:00;7.8;There is a use-after-free vulnerability in the Linux Kernel which can beexploited to achieve local privilege escalation. To reach the vulnerabilitykernel configuration flag CONFIG_TLS or CONFIG_XFRM_ESPINTCP has to beconfigured, but the operation does not require any privilege. There is ause-after-free bug of icsk_ulp_data of a struct inet_connection_sock. WhenCONFIG_TLS is enabled, user can install a tls context (struct tls_context)on a connected tcp socket. The context is not cleared if this socket isdisconnected and reused as a listener. If a new socket is created from thelistener, the context is inherited and vulnerable. The setsockopt TCP_ULPoperation does not require any privilege. We recommend upgrading pastcommit 2c02d41d71f90a5168391b6a5f2954112ba2307c
CVE-2022-41850;2022-09-30T00:00:00;4.7;roccat_report_event in drivers/hid/hid-roccat.c in the Linux kernel through5.19.12 has a race condition and resultant use-after-free in certainsituations where a report is received while copying a report->value is inprogress.
CVE-2023-26607;2023-02-26T23:15:00;7.1;In the Linux kernel 6.0.8, there is an out-of-bounds read in ntfs_attr_findin fs/ntfs/attrib.c.
CVE-2022-42329;2022-12-07T00:00:00;5.5;Guests can trigger deadlock in Linux netback driver T[his CNA informationrecord relates to multiple CVEs. the text explains whichaspects/vulnerabilities correspond to which CVE.] The patch for XSA-392introduced another issue which might result in a deadlock when trying tofree the SKB of a packet dropped due to the XSA-392 handling(CVE-2022-42328). Additionally when dropping packages for other reasons thesame deadlock could occur in case of netpoll being active for the interfacethe xen-netback driver is connected to (CVE-2022-42329).
CVE-2022-43750;2022-10-26T04:15:00;6.7;drivers/usb/mon/mon_bin.c in usbmon in the Linux kernel before 5.19.15 and6.x before 6.0.1 allows a user-space client to corrupt the monitor'sinternal memory.
CVE-2022-39842;2022-09-05T07:15:00;6.1;** DISPUTED ** An issue was discovered in the Linux kernel before 5.19. Inpxa3xx_gcu_write in drivers/video/fbdev/pxa3xx-gcu.c, the count parameterhas a type conflict of size_t versus int, causing an integer overflow andbypassing the size check. After that, because it is used as the thirdargument to copy_from_user(), a heap overflow may occur. NOTE: the originaldiscoverer disputes that the overflow can actually happen.
CVE-2022-3649;2022-10-21T20:15:00;7.0;A vulnerability was found in Linux Kernel. It has been classified asproblematic. Affected is the function nilfs_new_inode of the filefs/nilfs2/inode.c of the component BPF. The manipulation leads to use afterfree. It is possible to launch the attack remotely. It is recommended toapply a patch to fix this issue. The identifier of this vulnerability isVDB-211992.
CVE-2022-20369;2022-08-11T15:15:00;6.7;In v4l2_m2m_querybuf of v4l2-mem2mem.c, there is a possible out of boundswrite due to improper input validation. This could lead to local escalationof privilege with System execution privileges needed. User interaction isnot needed for exploitation.Product: AndroidVersions: Android kernelAndroidID: A-223375145References: Upstream kernel
CVE-2022-3628;2022-10-31T00:00:00;6.6;A buffer overflow flaw was found in the Linux kernel Broadcom Full MACWi-Fi driver. This issue occurs when a user connects to a malicious USBdevice. This can allow a local user to crash the system or escalate theirprivileges.
CVE-2022-42895;2022-11-23T15:15:00;6.5;There is an infoleak vulnerability in the Linux kernel'snet/bluetooth/l2cap_core.c's l2cap_parse_conf_req function which can beused to leak kernel pointers remotely. We recommend upgrading past commithttps://github.com/torvalds/linux/commit/b1a2cd50c0357f243b7435a732b4e62ba3157a2ehttps://www.google.com/url
CVE-2022-3545;2022-10-17T12:15:00;7.8;A vulnerability has been found in Linux Kernel and classified as critical.Affected by this vulnerability is the function area_cache_get of the filedrivers/net/ethernet/netronome/nfp/nfpcore/nfp_cppcore.c of the componentIPsec. The manipulation leads to use after free. It is recommended to applya patch to fix this issue. The identifier VDB-211045 was assigned to thisvulnerability.
CVE-2022-29901;2022-07-12T16:00:00;6.5;Intel microprocessor generations 6 to 8 are affected by a new Spectrevariant that is able to bypass their retpoline mitigation in the kernel toleak arbitrary data. An attacker with unprivileged user access can hijackreturn instructions to achieve arbitrary speculative code execution undercertain microarchitecture-dependent conditions.
CVE-2022-3640;2022-10-21T15:15:00;8.8;A vulnerability, which was classified as critical, was found in LinuxKernel. Affected is the function l2cap_conn_del of the filenet/bluetooth/l2cap_core.c of the component Bluetooth. The manipulationleads to use after free. It is recommended to apply a patch to fix thisissue. The identifier of this vulnerability is VDB-211944.
CVE-2022-26373;2022-08-18T20:15:00;5.5;Non-transparent sharing of return predictor targets between contexts insome Intel(R) Processors may allow an authorized user to potentially enableinformation disclosure via local access.
CVE-2022-41849;2022-09-30T00:00:00;4.2;drivers/video/fbdev/smscufx.c in the Linux kernel through 5.19.12 has arace condition and resultant use-after-free if a physically proximateattacker removes a USB device while calling open(), aka a race conditionbetween ufx_ops_open and ufx_usb_disconnect.
CVE-2022-3521;2022-10-16T10:15:00;2.5;A vulnerability has been found in Linux Kernel and classified asproblematic. This vulnerability affects the function kcm_tx_work of thefile net/kcm/kcmsock.c of the component kcm. The manipulation leads to racecondition. It is recommended to apply a patch to fix this issue. VDB-211018is the identifier assigned to this vulnerability.
CVE-2022-2663;2022-09-01T21:15:00;5.3;An issue was found in the Linux kernel in nf_conntrack_irc where themessage handling can be confused and incorrectly matches the message. Afirewall may be able to be bypassed when users are using unencrypted IRCwith nf_conntrack_irc configured.
CVE-2023-28260;2023-04-11T00:00:00;None;AzureDevOps Elevation of Privilege - Dotnet CWD dll hijack vuln.
